batch,pmcid,new_target_token_count,old_target_token_count,input_changed,target_changed,new_A_original_mean,old_A_original_mean,new_B_original_shuffle_seed42_mean,old_B_original_shuffle_seed42_mean,new_D_complete_shuffle_seed42_mean,old_D_complete_shuffle_seed42_mean,new_E_original_rules_D_relative_order_mean,old_E_original_rules_D_relative_order_mean,new_D_minus_E,old_D_minus_E,new_D_minus_B,old_D_minus_B,new_D_minus_A,old_D_minus_A
holdout_2021,PMC7873056,56,30,True,True,2.2950546413592434,2.976990373279356,2.4107955833169195,3.1344727725411454,2.3211301791212287,3.054449346397693,2.410187911170916,3.13798313884375,-0.08905773204968748,-0.08353379244605685,-0.0896654041956908,-0.08002342614345226,0.026075537761985235,0.07745897311833705
holdout_2021,PMC7868416,88,50,True,True,1.7134513264179037,2.236607930904429,1.9495085998081807,2.3343376406298195,1.8966412258883258,2.2813936465699225,2.035581388861281,2.312001258811215,-0.1389401629729552,-0.030607612241292603,-0.052867373919854854,-0.052943994059897026,0.1831898994704222,0.04478571566549361
holdout_2021,PMC7871783,31,26,True,True,1.5381819176457816,1.7879675027144493,1.7079213520656564,1.7935536345654468,1.528164277330483,1.61315847017823,1.9063582770755718,2.0508279150960265,-0.3781939997450887,-0.43766944491779647,-0.17975707473517333,-0.1803951643872168,-0.010017640315298504,-0.17480903253621927
holdout_2021,PMC7873935,19,17,True,True,3.8961048447450404,4.694447370029058,4.1410075404503575,4.636422101141172,3.9820752124007988,4.808999029840754,4.715250142261778,4.716075849445427,-0.7331749298609789,0.09292318039532699,-0.1589323280495587,0.17257692869958152,0.08597036765575838,0.11455165981169557
holdout_2021,PMC7873968,47,45,True,True,2.851176221245043,2.9014100933285794,3.023363392231639,3.080544017034117,3.0132768524245934,3.030903186830175,3.0052226663671155,3.005170704300205,0.008054186057477875,0.025732482529969847,-0.010086539807045547,-0.049640830203942166,0.16210063117955054,0.12949309350159544
holdout_2021,PMC7862128,53,49,True,True,2.264061871306081,2.3072719246190956,2.265869592853898,2.264971285963553,2.235075995705576,2.2571333751857496,2.316019924134965,2.3403933339754452,-0.08094392842938891,-0.08325995878969561,-0.03079359714832197,-0.00783791077780327,-0.02898587560050503,-0.05013854943334595
holdout_2021,PMC7856147,122,62,True,True,2.0149288569497146,2.6210444557053054,2.1529408788680175,2.6923547923450375,2.112850903287692,2.6599192235664244,2.148128997091716,2.669968255524098,-0.035278093804024024,-0.010049031957673815,-0.040089975580325454,-0.03243556877861309,0.09792204633797752,0.038874767861118986
holdout_2021,PMC7874054,18,18,True,False,3.121036406709916,3.3658131219239698,3.309937476853116,3.4506519426488214,3.17480606575393,3.3406428530450083,3.364739043224189,3.5259303758955665,-0.18993297747025872,-0.18528752285055816,-0.1351314110991857,-0.11000908960381306,0.053769659044013984,-0.025170268878961455
holdout_2021,PMC7874125,45,36,True,True,2.4088795771000555,2.769681886372256,2.532673933351432,2.9813982020467744,2.433288232563306,2.8304258379569345,2.5768807861349865,2.9862433043597574,-0.14359255357168044,-0.1558174664028229,-0.09938570078812603,-0.15097236408983994,0.02440865546325055,0.0607439515846786
holdout_2021,PMC7874013,57,23,True,True,1.8523275043130918,2.7671350045364544,2.1243579947570534,3.2586122237966184,1.9059288988592369,2.908281803766326,2.1030264657562716,3.1617975695037823,-0.19709756689703473,-0.25351576573745627,-0.21842909589781656,-0.35033042003029236,0.0536013945461451,0.1411467992298716
holdout_2021,PMC7930226,54,43,True,True,2.7748045020079593,3.2802436757717026,3.1668330478428035,3.802565805808246,3.0069535290234795,3.456691248732251,3.243406797639502,3.867249498439061,-0.23645326861602234,-0.4105582497068099,-0.15987951881932405,-0.3458745570759949,0.2321490270155202,0.17644757296054836
holdout_2021,PMC7908828,56,54,True,True,2.4325041709995014,2.448628733005872,2.659712733172845,2.699601301715895,2.4034480969279293,2.467921776856437,2.619088996035186,2.694555980364654,-0.2156408991072567,-0.22663420350821717,-0.2562646362449157,-0.23167952485945786,-0.02905607407157218,0.019293043850565184
holdout_2021,PMC7884905,40,40,True,False,4.124614004771684,4.015174326175111,4.5029049765667875,4.601657591137337,4.310404616291635,4.1130026101280235,4.5176839950610885,4.6131464399048125,-0.2072793787694538,-0.5001438297767891,-0.19250036027515272,-0.48865498100931326,0.18579061151995102,0.09782828395291254
holdout_2021,PMC7921734,29,27,True,True,2.5406625058573713,2.8597844756061224,2.82514531387253,3.1210516101310968,2.585089067615376,2.8427735454143086,2.7534126668550267,2.976340720866574,-0.1683235992396508,-0.13356717545226537,-0.24005624625715427,-0.2782780647167882,0.044426561758004635,-0.017010930191813767
holdout_2021,PMC7884346,31,20,True,True,2.588299933941955,3.0576460368949485,3.0808396675398515,3.536565322421302,2.6785942746814286,3.071340279681317,3.0684632895411803,3.463865697477013,-0.3898690148597517,-0.39252541779569583,-0.40224539285842287,-0.4652250427399851,0.09029434073947362,0.013694242786368438
holdout_2021,PMC7933526,31,21,True,True,2.161705636253652,2.5526524583691796,2.384236627018518,2.984081116290673,2.179101263746317,2.6061186930143907,2.341530068629254,2.974085690877906,-0.16242880488293698,-0.3679669978635154,-0.20513536327220105,-0.37796242327628216,0.01739562749266499,0.05346623464521105
holdout_2021,PMC7893087,19,17,True,True,4.090876214757659,4.325695633778677,4.51288878383409,4.762003401239567,4.160633659995112,4.418879887527403,4.5064022650354,4.814959915300064,-0.3457686050402886,-0.39608002777266105,-0.3522551238389786,-0.34312351371216376,0.06975744523745231,0.09318425374872596
holdout_2021,PMC7882723,31,31,True,False,2.730383184963777,2.8017867550313955,2.8021876158553267,2.841065643986146,2.7497351339477443,2.8778251442727782,2.8020096278388893,2.846398534523624,-0.052274493891145024,0.031426609749154455,-0.05245248190758245,0.03675950028663211,0.019351948983967304,0.07603838924138273
holdout_2021,PMC7925849,50,50,True,False,3.0827674953292443,3.12468935719633,3.2050364715563773,3.191579084740515,3.1225807773650742,3.187832920726214,3.169165630361531,3.251422192280734,-0.04658485299645676,-0.06358927155451966,-0.08245569419130305,-0.0037461640143008346,0.0398132820358299,0.06314356352988426
holdout_2021,PMC7902880,18,18,True,False,3.1109858172016893,3.1279940492587963,3.2020155205031084,3.1798646695957964,3.331745892782534,3.1809843373419855,3.171278205823092,3.140179301670236,0.1604676869594419,0.04080503567174931,0.1297303722794254,0.0011196677461891014,0.22076007558084454,0.052990288083189174
holdout_2021,PMC8665294,53,51,True,True,3.052756551141359,3.157017272659669,3.4239117803342007,3.427620179805101,3.151341315308357,3.224312995583294,3.3635922115612424,3.417818317874609,-0.2122508962528853,-0.193505322291315,-0.2725704650258436,-0.20330718422180727,0.09858476416699835,0.06729572292362507
holdout_2021,PMC8126352,31,24,True,True,2.784536756529574,3.558418555146394,3.0498302799013244,3.704879269003868,2.8526690568295665,3.595836652830864,3.0253010841683605,3.6984883878418864,-0.17263202733879401,-0.10265173501102254,-0.19716122307175787,-0.10904261617300426,0.06813230029999229,0.03741809768447002
holdout_2021,PMC8374279,67,58,True,True,3.181551535840584,3.4908953147312096,3.458420552427354,3.929741699870772,3.3003735746853855,3.641452645352572,3.448989546524166,3.8254257367827513,-0.1486159718387805,-0.18397309143017937,-0.1580469777419684,-0.28828905451819997,0.11882203884480136,0.15055733062136234
holdout_2021,PMC8085446,27,52,True,True,3.00767562823549,2.492755438925857,3.2015431665058713,2.769886533241893,3.193494360760303,2.6228956375752412,3.19517966235893,2.7682075375893804,-0.0016853015986271203,-0.14531190001413918,-0.008048805745568544,-0.1469908956666517,0.18581873252481262,0.13014019864938442
holdout_2021,PMC9179187,49,23,True,True,1.7409956881353075,2.278373052200807,1.9156375764302551,2.5069074252833556,1.808332132839381,2.4513256423885217,1.8854621833679004,2.609379669298347,-0.07713005052851929,-0.1580540269098254,-0.10730544359087402,-0.05558178289483395,0.06733644470407363,0.1729525901877147
holdout_2021,PMC8545217,71,2,True,True,2.624927497956634,12.732988357543945,2.6785957341889515,12.28508734703064,2.604392995238554,11.381505489349365,2.6460992876644425,11.680476903915405,-0.041706292425888414,-0.29897141456604004,-0.07420273895039742,-0.9035818576812744,-0.020534502718080105,-1.35148286819458
holdout_2021,PMC8180001,18,16,True,True,2.649511434396522,2.9537037056143163,3.212399698276487,3.5372282037278637,2.8192972573710398,3.142163748445455,3.2027820482229195,3.600916128139943,-0.3834847908518797,-0.4587523796944879,-0.3931024409054471,-0.39506445528240874,0.16978582297451794,0.1884600428311387
holdout_2021,PMC8202444,39,15,True,True,3.0454018727300887,3.447134365643918,3.1772912174630434,3.544930034621696,3.071133047891169,3.5021022021460038,3.258632805269698,3.462637751464111,-0.18749975737852909,0.03946445068189286,-0.10615816957187452,-0.04282783247569233,0.025731175161080255,0.05496783650208581
holdout_2021,PMC8433180,26,26,True,False,3.5942258572971557,3.574302603495128,3.9600222144452766,3.976554101230039,3.6970948006447335,3.730921615074084,3.9404846077948323,3.958693830802356,-0.24338980715009884,-0.227772215728272,-0.2629274138005431,-0.24563248615595512,0.10286894334757779,0.15661901157895608
holdout_2021,PMC8102126,33,32,True,True,3.008622356803354,3.244903508166317,3.1166565454931874,3.483240392903099,2.997440931669465,3.3444310742779635,3.1446262629364026,3.4415327358583454,-0.14718533126693778,-0.09710166158038191,-0.11921561382372259,-0.13880931862513535,-0.011181425133889089,0.09952756611164659
holdout_2021,PMC8164195,34,8,False,True,1.960886017787422,3.2973980320603005,2.3297672338821407,3.693542583438102,2.047936540620011,3.551664556041942,2.0516683353771974,3.5757655698107556,-0.003731794757186435,-0.024101013768813573,-0.28183069326212973,-0.14187802739616018,0.08705052283258885,0.2542665239816415
holdout_2021,PMC8262175,52,51,True,True,2.462154815415628,2.586973132055159,2.976566488409634,3.0955508127956946,2.5716984998625074,2.7529495202493397,2.94918810530306,3.0176550613615807,-0.37748960544055254,-0.264705541112241,-0.4048679885471267,-0.34260129254635485,0.10954368444687956,0.16597638819418048
holdout_2021,PMC8113650,52,52,False,False,3.0967391645305304,3.0967391645305304,3.3064793863254285,3.3064793863254285,3.1227206098827502,3.1227206098827502,3.3127326627874516,3.3127326627874516,-0.19001205290470136,-0.19001205290470136,-0.18375877644267824,-0.18375877644267824,0.0259814453522198,0.0259814453522198
holdout_2021,PMC8450152,34,33,True,True,1.954228994270713,1.9238529189804632,2.324845019804771,2.3613160573623837,1.9669925700950177,2.0188996788012004,2.255005791579285,2.2629160665372074,-0.2880132214842672,-0.2440163877360071,-0.3578524497097533,-0.34241637856118334,0.012763575824304763,0.09504675982073718
holdout_2021,PMC8167502,56,56,True,False,2.893964451404567,2.894725528321682,2.9358074098714235,2.9391487343704545,2.908418964106074,2.912615088536508,2.929569245794742,2.9254796004559984,-0.021150281688668393,-0.01286451191949034,-0.02738844576534971,-0.026533645833946462,0.014454512701506772,0.017889560214825906
holdout_2021,PMC8205412,22,19,True,True,2.906511394751512,3.1753593058827776,3.556419111788273,3.8177729957786046,2.9372382264753636,3.245618025796782,3.449435778216205,3.605488077884442,-0.5121975517408415,-0.3598700520876599,-0.6191808853129093,-0.5721549699818227,0.0307268317238516,0.07025871991400434
holdout_2021,PMC8494260,21,26,True,True,3.1284202429510297,2.9960891169133763,3.348393368845185,3.4432898817377953,3.193523788026401,3.0213317133423585,3.351927349787383,3.568331383475407,-0.15840356176098203,-0.5469996701330486,-0.15486958081878388,-0.42195816839543676,0.0651035450753712,0.02524259642898219
holdout_2021,PMC8192595,93,59,True,True,2.051444149594752,2.10096807806264,2.2037439520572315,2.327078350845791,2.050405069344989,2.0588894013279586,2.2385863389947125,2.427759181290531,-0.1881812696497236,-0.3688697799625724,-0.1533388827122426,-0.26818894951783223,-0.0010390802497632912,-0.04207867673468124
holdout_2021,PMC10460217,28,24,True,True,2.346066361850847,2.7938094869884176,2.6541658934755623,3.2239722093915284,2.452426398393332,2.980813200112607,2.650839349583943,3.2236037499939507,-0.19841295119061098,-0.24279054988134385,-0.2017394950822302,-0.24315900927892153,0.10636003654248505,0.18700371312418929
holdout_2021,PMC8192886,29,29,True,False,2.531355786089111,2.517949757168716,2.6627153628987483,2.7349329391687083,2.6435773655117876,2.6487577527897948,2.6507860380626314,2.645599996052875,-0.0072086725508437866,0.003157756736919648,-0.01913799738696076,-0.08617518637891353,0.11222157942267641,0.1308079956210788
holdout_2021,PMC8298053,48,44,True,True,2.6155672947106723,2.540996586484074,2.8404936432993204,2.7940417363720784,2.631877907007341,2.5622438717532945,2.893272297808437,2.7933378204129853,-0.26139439080109605,-0.2310939486596908,-0.20861573629197938,-0.23179786461878393,0.016310612296668747,0.021247285269220484
holdout_2021,PMC8224511,84,36,True,True,2.860060347462855,2.9582858090838675,3.132136820714853,3.2247430570132565,2.9228413655480487,3.129716221404831,3.1686445185226884,3.2719199748017775,-0.24580315297463962,-0.14220375339694646,-0.20929545516680426,-0.0950268356084254,0.06278101808519354,0.17143041232096357
holdout_2021,PMC8326699,28,28,False,False,2.5840077535914525,2.5840077535914525,2.625889613958342,2.625889613958342,2.611110125402255,2.611110125402255,2.564330900154476,2.564330900154476,0.046779225247779,0.046779225247779,-0.014779488556087017,-0.014779488556087017,0.027102371810802328,0.027102371810802328
holdout_2021,PMC8218628,22,19,True,True,2.843339686287932,3.2482222318243372,3.6399357798358407,4.115026498234664,3.353814337404236,3.704953329860425,3.635014541689605,4.220426908992761,-0.2812002042853692,-0.5154735791323359,-0.28612144243160476,-0.4100731683742387,0.5104746511163039,0.4567310980360877
holdout_2021,PMC8184339,31,29,True,True,2.4023835721656077,2.405007017273451,2.9714596951653514,2.9281533497964403,2.5847239273635134,2.5652281350809565,2.9270180349651067,2.935541233228299,-0.3422941076015933,-0.3703130981473426,-0.38673576780183794,-0.3629252147154838,0.1823403551979057,0.16022111780750548
holdout_2021,PMC8974720,24,24,True,False,2.0433703780342207,2.024805529819029,2.2849842225832604,2.292270403263803,2.03107508845081,2.012741231320433,2.359192344043548,2.3239457132925345,-0.32811725559273786,-0.3112044819721014,-0.2539091341324502,-0.2795291719433699,-0.01229528958341053,-0.012064298498595694
holdout_2021,PMC8649966,40,40,True,False,2.301284310482606,2.288101549547082,2.331562018462955,2.30690886764055,2.3245532289920448,2.2836003871860155,2.4317880729941406,2.3923873679606005,-0.10723484400209582,-0.10878698077458493,-0.007008789470910326,-0.023308480454534486,0.023268918509438574,-0.0045011623610662355
holdout_2021,PMC8565258,25,24,True,True,2.850618221880868,3.0215353956252025,3.0367675028927623,3.1539307293714955,2.866902097151615,3.0424492530097873,3.098442311361432,3.1851204779813997,-0.2315402142098173,-0.14267122497161244,-0.1698654057411475,-0.11148147636170824,0.016283875270746595,0.020913857384584844
holdout_2021,PMC8607302,40,38,True,True,3.219643967749991,3.094700812607215,3.8708357166143514,3.689852634039725,3.3960765818150778,3.2400194538145355,3.6945307398330955,3.486689117412329,-0.2984541580180178,-0.2466696635977934,-0.4747591347992737,-0.44983318022518937,0.17643261406508692,0.14531864120732063
holdout_2021,PMC8545187,31,31,True,False,4.063808170888515,4.03567945087124,4.01307345308365,4.019063377770382,3.9801634029636443,4.018228062964186,4.061031510207972,4.126273549679999,-0.08086810724432736,-0.10804548671581227,-0.032910050120005696,-0.0008353148061956972,-0.08364476792487041,-0.017451387907053473
holdout_2021,PMC8288199,32,30,True,True,2.151733437343921,2.3149637798903617,2.3349055532810326,2.5015547135369465,2.2808702567017463,2.4720740369801204,2.4494451694567942,2.6807176722719306,-0.168574912755048,-0.20864363529181018,-0.054035296579286296,-0.02948067655682607,0.12913681935782506,0.15711025708975868
holdout_2021,PMC10499212,54,23,True,True,2.305023932208167,2.8477568792418624,2.535743855057178,3.3754445753021054,2.31206575654891,2.9360751384011445,2.607029034789375,3.6000381229172014,-0.2949632782404654,-0.6639629845160568,-0.22367809850826825,-0.43936943690096086,0.007041824340742853,0.08831825915928215
holdout_2021,PMC8263279,21,33,True,True,3.718827362771446,3.063723697424724,3.7853336411499185,3.4608216422809273,3.7243632352990623,3.231871797960456,3.8181746345788787,3.4084364236980145,-0.09381139927981641,-0.1765646257375586,-0.060970405850856224,-0.22894984432047139,0.005535872527616448,0.1681481005357317
holdout_2021,PMC8335636,76,39,True,True,2.130858344592579,2.8038738426940446,2.2263971584555557,3.013064946474818,2.173183495687286,2.832162366126282,2.1999239221904765,2.9713373904292566,-0.026740426503190307,-0.13917502430297457,-0.053213662768269554,-0.180902580348536,0.04232515109470736,0.028288523432237422
holdout_2021,PMC10353603,45,23,True,True,2.8508703736372203,4.231700759639194,3.383165591715038,4.62211141167411,2.9200105599742527,4.058056979379415,3.2077765116060415,4.409505385098189,-0.28776595163178875,-0.35144840571877456,-0.4631550317407851,-0.5640544322946957,0.06914018633703245,-0.17364378025977967
holdout_2021,PMC9580740,60,57,True,True,1.5870387153443213,1.7467238010489892,1.5600511417948535,1.657617069606395,1.5877750216460906,1.711763924525114,1.5795724338467456,1.8172260348150495,0.008202587799345018,-0.10546211028993557,0.027723879851237143,0.054146854918718956,0.0007363063017693516,-0.03495987652387522
holdout_2021,PMC8464200,21,21,True,False,3.2629367514879224,3.347459560398853,3.2864251226463974,3.279315361576924,3.2905820526759184,3.2868560341497264,3.2115276915541298,3.197755509550916,0.07905436112178865,0.08910052459881035,0.004156930029521,0.007540672572802443,0.02764530118799602,-0.06060352624912646
holdout_2021,PMC8280606,52,41,True,True,1.8540051053338578,1.891103810398618,2.1277606010748618,2.052018954717313,1.9788452159817866,1.941937217023756,2.049850923285633,2.04080658595061,-0.07100570730384637,-0.09886936892685405,-0.14891538509307511,-0.110081737693557,0.12484011064792888,0.05083340662513813
holdout_2021,PMC9642923,48,37,True,True,1.8966630746313367,2.318523951359345,2.1536951850418404,2.380145931901171,2.20906811123222,2.387796021546426,2.2122433665993335,2.4161723072804207,-0.003175255367113383,-0.028376285733994866,0.0553729261903797,0.00765008964525471,0.3124050366008835,0.06927207018708081
holdout_2021,PMC8358436,16,16,True,False,3.1751194529038216,3.099273646988866,3.1306964747698203,3.149729229656373,3.12110580526317,3.084495707400265,3.2239926494945834,3.218751353493893,-0.10288684423141348,-0.13425564609362794,-0.009590669506650329,-0.06523352225610779,-0.05401364764065164,-0.014777939588601186
holdout_2021,PMC8427546,30,28,True,True,2.177456704806188,2.3192286238853677,2.3892162436108872,2.539894773104931,2.1897364725257527,2.3850616633436794,2.3874280596970494,2.521204314889019,-0.19769158717129676,-0.13614265154533944,-0.1994797710851346,-0.15483310976125164,0.012279767719564738,0.06583303945831176
holdout_2021,PMC8334628,41,41,True,False,3.6615379292790484,3.6715258609520545,3.9987137281540326,4.015126810022971,3.818878388906852,3.82065954627242,3.9670769219491175,4.008482405438837,-0.1481985330422657,-0.18782285916641683,-0.17983533924718076,-0.19446726375055068,0.1573404596278034,0.14913368532036575
holdout_2021,PMC8395890,16,205,True,True,3.2271977494237944,3.041649767238068,3.2561536736320704,3.094410649903609,3.206411748426035,3.0443712495154527,3.255233764881268,3.091832835381626,-0.0488220164552331,-0.047461585866173106,-0.049741925206035376,-0.05003940038815635,-0.020786000997759402,0.00272148227738489
holdout_2021,PMC8387691,37,17,True,True,2.2244095170203395,3.0257804994197453,2.5452711651277906,2.793348086641773,2.361634856524147,2.9329600594663883,2.46384616194897,2.7512554769020747,-0.10221130542482282,0.18170458256431354,-0.18363630860364344,0.13961197282461546,0.13722533950380766,-0.09282043995335698
holdout_2021,PMC11524280,31,58,True,True,2.1339710389152207,2.189950781402801,2.351233376574049,2.438630404087956,2.170933346109861,2.2411135198112317,2.3046397588334533,2.4145090872417656,-0.1337064127235923,-0.17339556743053386,-0.18030003046418797,-0.1975168842767241,0.03696230719464033,0.05116273840843055
holdout_2021,PMC8415285,23,23,True,False,2.5937608689520224,2.776731129621824,3.155101021674573,3.1691790720332116,2.766408891088086,2.966158306930953,3.1467307869486674,3.2002629183533946,-0.3803218958605812,-0.23410461142244143,-0.3886921305864868,-0.20302076510225842,0.17264802213606378,0.1894271773091294
holdout_2021,PMC8550493,27,23,True,True,1.651920876497806,2.382207684180922,2.0079405336463996,2.744534605602815,1.806139748336271,2.582532580901423,2.2571839362240604,3.009795854936111,-0.45104418788778955,-0.4272632740346878,-0.20180078531012868,-0.1620020247013918,0.15421887183846494,0.20032489672050113
holdout_2021,PMC8438445,81,46,True,True,2.305377807680105,2.9051890231184307,2.386409824357474,3.0744394266461628,2.3092943767194902,2.9116287071273015,2.350705025964516,3.059291049468574,-0.04141064924502569,-0.14766234234127262,-0.07711544763798361,-0.16281071951886128,0.003916569039385198,0.0064396840088707386
holdout_2021,PMC8428285,38,21,True,True,3.7359569951597797,2.049695734785384,4.363833646142953,2.3658261746862763,3.9309617856174315,2.2092632845297193,4.3478620486137896,2.2486451430045236,-0.4169002629963581,-0.03938185847480424,-0.4328718605255215,-0.156562890156557,0.19500479045765173,0.1595675497443354
holdout_2021,PMC8498669,13,12,True,True,2.8759618944201906,3.3932767868876303,3.285716061946844,3.897087058624796,3.0327599734664545,3.520398142210979,3.2875882031406105,3.969450315992314,-0.25482822967415597,-0.44905217378133466,-0.2529560884803894,-0.37668891641381697,0.15679807904626397,0.12712135532334878
holdout_2021,PMC8426026,20,20,True,False,3.0034584818407892,3.0372252707369625,3.100231708982028,3.142913306236733,2.950582165457308,3.072628345852718,3.1895449549192563,3.2362592240737285,-0.23896278946194816,-0.16363087822101052,-0.14964954352472004,-0.070284960384015,-0.052876316383481115,0.03540307511575547
holdout_2021,PMC8442733,45,24,True,True,2.621969686784991,2.7939055937366297,2.688619390308041,2.8741485443582255,2.6568774415423704,2.847734096823236,2.8183288549577203,3.0700746066425686,-0.16145141341534996,-0.2223405098193325,-0.03174194876567071,-0.02641444753498945,0.03490775475737928,0.05382850308660636
holdout_2021,PMC8426568,43,39,True,True,3.0024683052238395,3.4569914685312257,3.7147093777110607,4.345536803480429,3.3074811594652114,3.8484300727424667,3.6010505864591282,4.192410613063914,-0.29356942699391686,-0.3439805403214473,-0.4072282182458493,-0.4971067307379622,0.3050128542413719,0.391438604211241
holdout_2021,PMC8350932,47,46,True,True,3.1763326696510625,3.310680494114501,3.3386484347803993,3.5296320754407686,3.1641393933479893,3.4134198539990313,3.273342010435683,3.479392972570444,-0.10920261708769363,-0.06597311857141275,-0.17450904143240997,-0.11621222144173737,-0.012193276303073208,0.10273935988453031
holdout_2021,PMC8823494,27,26,True,True,2.3990133837969214,2.577218380308925,2.823846607072348,3.1432673565398614,2.439953042953103,2.5671316124498844,2.8527713303316244,3.1700062902751736,-0.41281828737852155,-0.6028746778252891,-0.38389356411924513,-0.576135744089977,0.040939659156181474,-0.010086767859040613
holdout_2021,PMC8548889,25,84,True,True,3.3043514195084573,2.569137906692677,3.236172555908561,2.831670867938079,3.249764556847513,2.8057932396197343,3.3064977368712425,2.8941044858455003,-0.056733180023729624,-0.08831124622576603,0.013592000938952076,-0.025877628318344836,-0.05458686266094448,0.23665533292705732
holdout_2021,PMC8532178,21,20,True,True,3.033929032408975,3.099218303418945,3.2730038291566808,3.474159000128566,3.0901252324157604,3.2730114376458004,3.2377636646491563,3.448036798791145,-0.1476384322333959,-0.1750253611453445,-0.18287859674092033,-0.20114756248276544,0.05619620000678527,0.17379313422685527
holdout_2021,PMC8575360,29,29,True,False,2.757798001660282,2.76928104845194,2.6880680979955853,2.6988790737606028,2.8153737922085416,2.8329443602939013,2.71698190476635,2.700305002908361,0.09839188744219163,0.13263935738554045,0.12730569421295623,0.13406528653329852,0.057575790548259675,0.06366331184196117
holdout_2021,PMC8546357,36,36,False,False,2.8943392884814076,2.8943392884814076,3.1130012878889426,3.1130012878889426,2.9913369552361675,2.9913369552361675,3.148063830475116,3.148063830475116,-0.15672687523894835,-0.15672687523894835,-0.1216643326527751,-0.1216643326527751,0.09699766675475985,0.09699766675475985
holdout_2021,PMC10936393,56,33,True,True,3.038794239155231,3.6396448829539376,3.13956380780674,3.6737948231907054,3.111636187499008,3.630967281603565,3.1280761429240362,3.6695747382676047,-0.016439955425028074,-0.03860745666403975,-0.027927620307731882,-0.042827541587140416,0.07284194834377722,-0.008677601350372655
holdout_2021,PMC8526226,30,18,True,True,3.0523509961824553,2.776676514910327,3.1233522778279923,2.9641090656320253,3.0104739192679215,2.8012304285334215,3.0177343839837705,2.9389381814334126,-0.007260464715848958,-0.13770775289999104,-0.11287835856007078,-0.16287863709860373,-0.041877076914533795,0.02455391362309456
holdout_2021,PMC10013050,30,30,True,False,1.85739174597893,1.7943704804004785,2.153486242663348,2.1036786858171883,2.006754631782678,1.853107730201494,2.227105085949491,2.2026873429170033,-0.22035045416681287,-0.3495796127155093,-0.14673161088067,-0.2505709556156943,0.14936288580374812,0.05873724980101547
holdout_2021,PMC8771137,39,39,True,False,2.682099013526544,2.6618225595712155,2.883940625195884,2.8621424593192595,2.8555864054287667,2.867849604912641,2.9347994632213763,2.9115705832205445,-0.07921305779260956,-0.04372097830790356,-0.02835421976711716,0.00570714559338148,0.17348739190222284,0.20602704534142546
holdout_2021,PMC8524725,24,15,True,True,2.1728768995866026,2.927306683796125,2.6654790852323154,3.482144488467323,2.2949311224122844,3.1040002168815892,2.7152711878564637,3.468564594391258,-0.42034006544417934,-0.36456437750966897,-0.370547962820031,-0.3781442715857337,0.12205422282568179,0.17669353308546443
holdout_2021,PMC8581728,33,33,True,False,4.059598981939031,4.126182914231762,4.394412165535896,4.411128993061456,4.287333679075043,4.2705845955307735,4.389018942432648,4.422940612488398,-0.10168526335760486,-0.1523560169576248,-0.10707848646085338,-0.14054439753068237,0.2277346971360119,0.1444016812990112
holdout_2021,PMC8678629,44,18,True,True,1.8732873418572458,2.930411530467811,2.0060470178564587,3.286679315616299,1.8755572990288452,3.236040853744271,1.959649550963811,3.388819444025532,-0.08409225193496583,-0.15277859028126128,-0.1304897188276135,-0.05063846187202792,0.0022699571715993905,0.30562932327646
holdout_2021,PMC8578993,14,14,True,False,2.9407874426355454,2.9838746773353444,2.7933878518566155,2.7867150492300943,2.904374716479132,2.977114433888346,2.984524629597477,2.940589376045474,-0.0801499131183454,0.036525057842871966,0.11098686462251628,0.19039938465825168,-0.036412726156413555,-0.006760243446998437
holdout_2021,PMC8714178,46,42,True,True,2.559305212529387,2.960999062547395,2.95545576433213,3.409423930352746,2.7878254932003745,3.169249849111241,2.884002624399727,3.3541217708400275,-0.09617713119935267,-0.18487192172878641,-0.16763027113175566,-0.24017408124150474,0.2285202806709874,0.2082507865638461
holdout_2021,PMC8678059,55,42,True,True,1.8679669412130766,2.452366654769451,1.8720476471120988,2.2781275348347014,1.719349943224965,2.219489726055014,1.9671485784073328,2.4810574204588884,-0.24779863518236778,-0.2615676944038743,-0.15269770388713377,-0.05863780877968727,-0.14861699798811157,-0.232876928714437
holdout_2021,PMC8621619,25,25,True,False,1.5352672581474918,1.554061978240277,1.5322555001919955,1.5451899378038434,1.6594331734033037,1.7354759344202646,1.6456932337716308,1.6135267456388465,0.01373993963167286,0.12194918878141814,0.12717767321130813,0.1902859966164212,0.12416591525581189,0.18141395617998768
holdout_2021,PMC8585985,24,18,True,True,2.976705538657067,3.442838600371033,3.256456018765069,3.6060379763884054,3.230127492094956,3.681603998734823,3.2505172127882056,3.7029297777820225,-0.020389720693249735,-0.021325779047199678,-0.026328526670113206,0.0755660223464174,0.253421953437889,0.23876539836378985
holdout_2021,PMC8581449,26,26,True,False,2.4858064896557504,2.473783357516438,2.786787423388607,2.808560711878482,2.5852040453600447,2.5254323200630235,2.761251845944711,2.848766365910146,-0.17604780058466618,-0.32333404584712255,-0.20158337802856252,-0.28312839181545835,0.09939755570429432,0.051648962546585686
holdout_2021,PMC8581611,82,80,True,True,1.3163048413970966,1.373786301979591,1.3702556019471896,1.4489381166180606,1.2707768096765266,1.418646074198017,1.40785037204999,1.533404306481242,-0.13707356237346335,-0.11475823228322501,-0.09947879227066303,-0.030292042420043686,-0.04552803172056996,0.04485977221842585
holdout_2021,PMC8886688,75,72,True,True,1.7606445907865298,1.8785964176753902,1.956770923177531,2.102261505681958,1.8473264531218836,1.9730092703443916,1.9464960280317851,2.1039449207146896,-0.09916957490990153,-0.13093565037029808,-0.10944447005564739,-0.12925223533756647,0.0866818623353538,0.09441285266900135
holdout_2021,PMC8669392,38,36,True,True,2.6971412554129004,2.732304105789,3.2983637264091827,3.133215612079463,2.8936213597986162,2.8347328952416624,3.2167090187121126,3.1378339934243638,-0.32308765891349633,-0.30310109818270137,-0.4047423666105665,-0.2984827168378006,0.19648010438571584,0.10242878945266254
holdout_2021,PMC10021308,44,39,True,True,2.9753609637429523,3.3859842284701958,3.420218584466387,4.09720964765606,3.263662497894653,3.8288401196388384,3.4364210869081777,4.142951173600382,-0.1727585890135246,-0.3141110539615437,-0.15655608657173392,-0.26836952801722136,0.2883015341517008,0.44285589116864266
holdout_2021,PMC8655126,23,17,True,True,2.223591129786339,2.5952756386362608,2.3401131995668276,2.6128077326318495,2.4158879215724682,2.71222666323357,2.467989818975975,2.6130711464023024,-0.05210189740350657,0.09915551683126766,0.07577472200564062,0.09941893060172058,0.19229679178612935,0.11695102459730933
holdout_2021,PMC10390303,21,21,True,False,3.823880778740637,3.791931669947059,3.8110340875462585,3.776334701444111,3.8755565938495455,3.7559495064363415,3.7744704026706692,3.757124220985653,0.1010861911788763,-0.0011747145493115063,0.06452250630328704,-0.020385195007769585,0.05167581510890873,-0.03598216351071759
holdout_2021,PMC8753408,27,27,True,False,2.8965837852004674,2.9675373657152737,3.4103335116146978,3.437300793667722,3.150456827118803,3.2119484009626493,3.2352822821380363,3.3391584281257733,-0.08482545501923333,-0.12721002716312402,-0.25987668449589485,-0.22535239270507246,0.2538730419183355,0.24441103524737562
holdout_2021,PMC8720896,26,10,True,True,2.2269184528414163,5.7465665459632875,2.226650782307738,5.599376249313354,2.1751456426466644,5.681973290443421,2.159633499871968,5.771279394626617,0.015512142774696258,-0.08930610418319684,-0.05150513966107351,0.08259704113006627,-0.051772810194751884,-0.06459325551986694
holdout_2021,PMC8665347,48,79,True,True,2.749925542266434,2.562864233586269,3.2483157376730865,2.7936375840868957,2.960026707220171,2.6819542314329463,3.129999709150809,2.7988623863918143,-0.16997300193063802,-0.11690815495886797,-0.28828903045291554,-0.11168335265394935,0.21010116495373676,0.11908999784667751
holdout_2021,PMC9338743,13,13,True,False,2.840869741227764,2.8651366974585333,3.1783365612992873,3.1871735244416275,2.9509972537366242,2.93526097960197,3.478812150657177,3.4863892287875595,-0.5278148969205527,-0.5511282491855893,-0.22733930756266307,-0.2519125448396573,0.1101275125088601,0.07012428214343691
holdout_2021,PMC8656164,18,38,True,True,2.129929276810597,2.9142236237323806,2.57550784634077,3.5524194438414844,2.0754173015302513,2.9412445511138925,2.4013457559387663,3.029943432824343,-0.32592845440851503,-0.08869888171045037,-0.5000905448105186,-0.611174892727592,-0.05451197528034557,0.02702092738151185
holdout_2021,PMC8767426,94,90,True,True,1.9476563294907039,1.847590579993549,2.125853189459915,1.9602367535525143,1.99482467758635,1.962703066520751,2.124307773773445,2.0125772210481148,-0.12948309618709475,-0.04987415452736377,-0.131028511873565,0.002466312968236739,0.047168348095646184,0.11511248652720196
holdout_2021,PMC8851128,35,33,True,True,2.3703571301618855,2.4438048347294554,2.4098842580736215,2.4365759101470537,2.4572409234342296,2.472828792542163,2.355321788535054,2.3326231706887484,0.10191913489917548,0.14020562185341445,0.04735666536060812,0.036252882395109154,0.08688379327234408,0.02902395781270739
holdout_2021,PMC8778936,30,26,True,True,1.8094902463364027,2.2097337656495464,2.076219112522085,2.6001396307435174,1.8670358268204532,2.3522212217660408,2.051578812924951,2.6977781153646694,-0.18454298610449782,-0.3455568935986286,-0.2091832857016318,-0.24791840897747663,0.05754558048405056,0.14248745611649438
holdout_2021,PMC10512214,33,24,True,True,3.2017976643795865,3.806514728500474,3.2639525711120134,4.00292292041316,3.3169842529746485,3.886064858806094,3.278591951664897,3.8918971375848437,0.03839230130975135,-0.0058322787787497,0.05303168186263507,-0.1168580616070658,0.11518658859506203,0.07955013030561986
holdout_2021,PMC8716239,45,45,True,False,2.8365333999379927,2.8673207930833744,3.0555996167500576,3.0453926902498805,2.9367809889910657,2.999896801058741,3.0834226505729827,3.0959221070304013,-0.14664166158191705,-0.09602530597166048,-0.11881862775899199,-0.04549588919113967,0.10024758905307296,0.1325760079753664
holdout_2021,PMC8728564,25,24,True,True,3.3634079151973126,3.780136084766127,3.8171560333296655,4.2543726889416575,3.4276289848610757,3.810431502875872,3.7662420980632305,4.191414681011035,-0.3386131132021548,-0.38098317813516314,-0.38952704846858976,-0.4439411860657856,0.06422106966376306,0.030295418109744787
holdout_2021,PMC8820400,18,18,True,False,2.5586846614926912,2.4643554586734115,2.9107853289628767,2.9080124623133594,2.7178942663239365,2.7000875389914856,2.9045248443023044,2.8282121565377247,-0.1866305779783679,-0.12812461754623916,-0.19289106263894018,-0.20792492332187384,0.15920960483124524,0.23573208031807402
holdout_2021,PMC8765697,21,21,True,False,3.2670406018067815,3.2912744369116678,3.60848017139194,3.608362688861754,3.3625007449341604,3.3805860670774046,3.703573958605938,3.7069698898107855,-0.3410732136717778,-0.32638382273338085,-0.24597942645777948,-0.22777662178434932,0.09546014312737894,0.08931163016573684
holdout_2021,PMC9494700,21,21,False,False,2.9719833279592596,2.9719833279592596,3.4404186764052915,3.4404186764052915,3.1476444012095315,3.1476444012095315,3.2380726673270277,3.2380726673270277,-0.09042826611749621,-0.09042826611749621,-0.29277427519576005,-0.29277427519576005,0.17566107325027192,0.17566107325027192
pilot_2020,PMC8028417,43,43,True,False,2.9601208054345776,2.9470938910066846,3.336143409127375,3.4609954639934926,3.0012333284627624,3.0767506528043373,3.380356075934562,3.4244880252978005,-0.37912274747179975,-0.34773737249346315,-0.3349100806646126,-0.3842448111891552,0.0411125230281848,0.12965676179765273
pilot_2020,PMC8022581,26,26,True,False,3.7146275100449904,3.694094984932445,4.105655473860679,4.104242485435232,3.823625784963112,3.816850751250548,4.133795131265147,3.9832920146438062,-0.3101693463020352,-0.16644126339325815,-0.2820296888975671,-0.28739173418468367,0.10899827491812175,0.12275576631810292
pilot_2020,PMC8022504,15,21,True,True,5.077958436869085,3.0850711371526165,5.230602535729607,3.495423416796257,5.164225722352664,3.0712183461319436,5.403780214674771,3.4356581284470544,-0.23955449232210668,-0.36443978231511087,-0.06637681337694268,-0.42420507066431323,0.08626728548357931,-0.013852791020672939
pilot_2020,PMC8022807,10,10,True,False,4.4185142867267135,4.585199121385813,5.027330162748695,4.957166262809187,4.48802526704967,4.582044208794832,5.090784745849669,4.993148813024163,-0.6027594787999995,-0.41110460422933137,-0.5393048956990247,-0.37512205401435494,0.06951098032295633,-0.003154912590980885
pilot_2020,PMC8022790,28,28,True,False,3.1248011349567344,3.123511434133564,3.4025509809809074,3.3695047737232278,3.1435715971248492,3.1767889777464524,3.4733033856110915,3.450195616909436,-0.3297317884862423,-0.27340663916298347,-0.2589793838560581,-0.19271579597677535,0.018770462168114843,0.0532775436128885
pilot_2020,PMC7861264,13,13,True,False,4.359325933305977,4.399657241426981,4.531836601654784,4.427719538171704,4.489931441270388,4.528952133483612,4.579549449639251,4.574477174247686,-0.08961800836886358,-0.045525040764074376,-0.04190516038439629,0.10123259531190776,0.13060550796441106,0.12929489205663103
pilot_2020,PMC7931918,48,38,True,True,2.3987080048076828,2.5496754587366013,2.6944909046592707,2.932167609749549,2.606543780567222,2.6671384545131187,2.691880555054619,2.88731374185131,-0.08533677448739718,-0.22017528733819125,-0.08794712409204886,-0.2650291552364301,0.20783577575953904,0.11746299577651742
pilot_2020,PMC7931914,36,36,False,False,4.136610606323099,4.136610606323099,4.068933439751466,4.068933439751466,4.140399403870106,4.140399403870106,3.9190381152244904,3.9190381152244904,0.22136128864561533,0.22136128864561533,0.07146596411863992,0.07146596411863992,0.0037887975470063395,0.0037887975470063395
pilot_2020,PMC7805833,38,38,False,False,3.284095867720776,3.284095867720776,3.4356893158248183,3.4356893158248183,3.380531404890414,3.380531404890414,3.489433882022767,3.489433882022767,-0.10890247713235279,-0.10890247713235279,-0.05515791093440425,-0.05515791093440425,0.09643553716963815,0.09643553716963815
pilot_2020,PMC7806082,64,16,True,True,2.0659947645277867,4.347916997503489,2.2142846060057124,4.649795101489872,2.0874671229666824,4.418194313067943,2.1096095308752894,4.524209203664213,-0.022142407908606998,-0.10601489059627056,-0.12681748303903007,-0.23160078842192888,0.02147235843889561,0.0702773155644536
pilot_2020,PMC7805922,26,26,True,False,3.1908576072676693,3.21007850506878,3.5466828893908176,3.9941166937284063,3.4321094525243656,3.6061510936572003,3.7300843378940884,3.881694576694057,-0.29797488536972283,-0.2755434830368566,-0.11457343686645194,-0.38796560007120595,0.2412518452566963,0.3960725885884204
pilot_2020,PMC7806115,101,30,True,True,1.523548832389257,1.8999789803366482,1.5694810448635046,1.9773124380347535,1.5329058412201364,1.9256093159597185,1.5763415808296553,2.0986956237504786,-0.04343573960951885,-0.17308630779076006,-0.03657520364336819,-0.051703122075035024,0.00935700883087942,0.025630335623070266
pilot_2020,PMC7805860,35,35,True,False,2.60068758169977,2.515135700347517,2.6074013859233154,2.5448863723447825,2.6633788640970515,2.596048928550278,2.618733320474712,2.5607551371024915,0.044645543622339634,0.03529379144778666,0.055977478173736106,0.05116255620549559,0.06269128239728161,0.08091322820276092
pilot_2020,PMC7805738,90,47,True,True,1.8579029598119818,2.0774080898582397,1.974197918783126,2.149559482919087,1.8528801203412109,2.0575374460790274,2.0221254432305664,2.1305638506904523,-0.16924532288935557,-0.07302640461142484,-0.12131779844191515,-0.0920220368400595,-0.005022839470770979,-0.019870643779212216
pilot_2020,PMC7806008,93,32,True,True,1.6709074764118304,2.5262412933644214,1.8197061162083692,2.7805805290529406,1.6851507769463956,2.5211373343909145,1.8023427494759225,2.6917028885638956,-0.11719197252952696,-0.17056555417298114,-0.1345553392619736,-0.25944319466202614,0.01424330053456524,-0.005103958973506906
pilot_2020,PMC7805868,12,12,True,False,4.540022164069039,4.5689274292284,4.869193853393274,4.808023648899204,4.50089950071803,4.4982032210294465,4.7848132009870215,4.682375092740888,-0.2839137002689913,-0.18417187171144178,-0.36829435267524424,-0.3098204278697576,-0.03912266335100867,-0.07072420819895342
pilot_2020,PMC7805724,20,20,True,False,2.430621195819549,2.5949847739560936,3.0979407102982806,3.1688626842864323,2.5760262014990074,2.6220517740192006,3.192209248947256,3.029393052945852,-0.6161830474482488,-0.4073412789266513,-0.5219145087992731,-0.5468109102672316,0.14540500567945847,0.027067000063107027
pilot_2020,PMC7806023,37,37,False,False,3.1402190411145794,3.1402190411145794,3.4124157308349923,3.4124157308349923,3.235045778618597,3.235045778618597,3.3385193838011884,3.3385193838011884,-0.1034736051825913,-0.1034736051825913,-0.17736995221639518,-0.17736995221639518,0.09482673750401771,0.09482673750401771
pilot_2020,PMC7805644,95,84,True,True,1.972276452582623,2.20064138150669,2.077490398942954,2.33406556620481,2.0617946166236787,2.3337418525640845,2.095718905171912,2.358170816306353,-0.03392428854823315,-0.02442896374226855,-0.015695782319275153,-0.0003237136407254759,0.08951816404105561,0.13310047105739464
pilot_2020,PMC7805668,56,44,True,True,3.4753274083686683,4.115200822247558,3.546787719546306,4.404469821882561,3.4398098064678573,4.219600238567761,3.6661852158931003,4.435919265562751,-0.22637540942524303,-0.21631902699498973,-0.1069779130784485,-0.18486958331479997,-0.03551760190081099,0.10439941632020311
